<?xml version="1.0" encoding="UTF-8"?>

<FLOW VERSION="3.0" CLEANUP="true">
  <COMMENT></COMMENT>

  <!-- nodes -->

<INVOKE TIMEOUT="" SERVICE="pub.flow:savePipeline" VALIDATE-IN="$none" VALIDATE-OUT="$none">
  <COMMENT></COMMENT>

  <!-- nodes -->

<MAP MODE="INPUT">
  <MAPTARGET>

<Values version="2.0">
  <record name="xml" javaclass="com.wm.util.Values">
    <value name="node_type">record</value>
    <value name="node_subtype">unknown</value>
    <value name="is_public">false</value>
    <value name="field_name">savePipelineInput</value>
    <value name="field_type">record</value>
    <value name="field_dim">0</value>
    <value name="nillable">true</value>
    <value name="form_qualified">false</value>
    <value name="is_global">false</value>
    <array name="rec_fields" type="record" depth="1">
      <record javaclass="com.wm.util.Values">
        <value name="node_type">field</value>
        <value name="node_subtype">unknown</value>
        <value name="is_public">false</value>
        <value name="field_name">$name</value>
        <value name="field_type">string</value>
        <value name="field_dim">0</value>
        <value name="nillable">true</value>
        <value name="form_qualified">false</value>
        <value name="is_global">false</value>
      </record>
    </array>
    <value name="modifiable">true</value>
  </record>
</Values>
</MAPTARGET>
  <MAPSOURCE>

<Values version="2.0">
  <record name="xml" javaclass="com.wm.util.Values">
    <value name="node_type">record</value>
    <value name="node_subtype">unknown</value>
    <value name="is_public">false</value>
    <value name="field_type">record</value>
    <value name="field_dim">0</value>
    <value name="nillable">true</value>
    <value name="form_qualified">false</value>
    <value name="is_global">false</value>
    <array name="rec_fields" type="record" depth="1">
    </array>
    <value name="modifiable">true</value>
  </record>
</Values>
</MAPSOURCE>

  <!-- nodes -->

<MAPSET NAME="Setter" OVERWRITE="true" VARIABLES="false" GLOBALVARIABLES="false" FIELD="/$name;1;0">
  <DATA ENCODING="XMLValues" I18N="true">

<Values version="2.0">
  <value name="xml">SwiftConverter.services.mapping:mt103ToPacs008</value>
  <record name="type" javaclass="com.wm.util.Values">
    <value name="node_type">field</value>
    <value name="node_subtype">unknown</value>
    <value name="is_public">false</value>
    <value name="field_name">$name</value>
    <value name="field_type">string</value>
    <value name="field_dim">0</value>
    <value name="nillable">true</value>
    <value name="form_qualified">false</value>
    <value name="is_global">false</value>
  </record>
</Values>
</DATA>
</MAPSET>
</MAP>
</INVOKE>

<MAP TIMEOUT="" MODE="STANDALONE">
  <COMMENT>Mapping</COMMENT>
  <MAPTARGET>

<Values version="2.0">
  <record name="xml" javaclass="com.wm.util.Values">
    <value name="node_type">record</value>
    <value name="node_subtype">unknown</value>
    <value name="is_public">false</value>
    <value name="field_type">record</value>
    <value name="field_dim">0</value>
    <value name="nillable">true</value>
    <value name="form_qualified">false</value>
    <value name="is_global">false</value>
    <array name="rec_fields" type="record" depth="1">
      <record javaclass="com.wm.util.Values">
        <value name="node_type">unknown</value>
        <value name="node_subtype">unknown</value>
        <value name="is_public">false</value>
        <value name="field_name">$name</value>
        <value name="field_type">string</value>
        <value name="field_dim">0</value>
        <value name="nillable">true</value>
        <value name="form_qualified">false</value>
        <value name="is_global">false</value>
      </record>
      <record javaclass="com.wm.util.Values">
        <value name="node_type">record</value>
        <value name="node_subtype">unknown</value>
        <value name="node_comment"></value>
        <record name="node_hints" javaclass="com.wm.util.Values">
          <value name="field_largerEditor">false</value>
          <value name="field_password">false</value>
        </record>
        <value name="is_public">false</value>
        <value name="field_name">finIData</value>
        <value name="field_type">record</value>
        <value name="field_dim">0</value>
        <value name="wrapper_type">IData</value>
        <value name="nillable">true</value>
        <value name="form_qualified">false</value>
        <value name="is_global">false</value>
        <array name="rec_fields" type="record" depth="1">
        </array>
        <value name="modifiable">true</value>
      </record>
      <record javaclass="com.wm.util.Values">
        <value name="node_type">record</value>
        <value name="node_subtype">unknown</value>
        <value name="is_public">false</value>
        <value name="field_name">mxIData</value>
        <value name="field_type">record</value>
        <value name="field_dim">0</value>
        <value name="nillable">true</value>
        <value name="form_qualified">false</value>
        <value name="is_global">false</value>
        <array name="rec_fields" type="record" depth="1">
          <record javaclass="com.wm.util.Values">
            <value name="node_type">record</value>
            <value name="node_subtype">unknown</value>
            <value name="is_public">false</value>
            <value name="field_name">AppHdr</value>
            <value name="field_type">recref</value>
            <value name="field_dim">0</value>
            <value name="nillable">true</value>
            <value name="form_qualified">false</value>
            <value name="is_global">false</value>
            <value name="modifiable">true</value>
            <value name="rec_ref">SwiftConverter.docs.mx.head_001_001_04:AppHdr</value>
          </record>
          <record javaclass="com.wm.util.Values">
            <value name="node_type">record</value>
            <value name="node_subtype">unknown</value>
            <value name="is_public">false</value>
            <value name="field_name">Document</value>
            <value name="field_type">recref</value>
            <value name="field_dim">0</value>
            <value name="nillable">true</value>
            <value name="form_qualified">false</value>
            <value name="is_global">false</value>
            <value name="modifiable">true</value>
            <value name="rec_ref">SwiftConverter.docs.mx.pacs_008_001_12:docTypeRef_ns_Document</value>
          </record>
        </array>
        <value name="modifiable">true</value>
      </record>
    </array>
    <value name="modifiable">true</value>
  </record>
</Values>
</MAPTARGET>
  <MAPSOURCE>

<Values version="2.0">
  <record name="xml" javaclass="com.wm.util.Values">
    <value name="node_type">record</value>
    <value name="node_subtype">unknown</value>
    <value name="is_public">false</value>
    <value name="field_type">record</value>
    <value name="field_dim">0</value>
    <value name="nillable">true</value>
    <value name="form_qualified">false</value>
    <value name="is_global">false</value>
    <array name="rec_fields" type="record" depth="1">
      <record javaclass="com.wm.util.Values">
        <value name="node_type">unknown</value>
        <value name="node_subtype">unknown</value>
        <value name="is_public">false</value>
        <value name="field_name">$name</value>
        <value name="field_type">string</value>
        <value name="field_dim">0</value>
        <value name="nillable">true</value>
        <value name="form_qualified">false</value>
        <value name="is_global">false</value>
      </record>
      <record javaclass="com.wm.util.Values">
        <value name="node_type">record</value>
        <value name="node_subtype">unknown</value>
        <value name="node_comment"></value>
        <record name="node_hints" javaclass="com.wm.util.Values">
          <value name="field_largerEditor">false</value>
          <value name="field_password">false</value>
        </record>
        <value name="is_public">false</value>
        <value name="field_name">finIData</value>
        <value name="field_type">record</value>
        <value name="field_dim">0</value>
        <value name="wrapper_type">IData</value>
        <value name="nillable">true</value>
        <value name="form_qualified">false</value>
        <value name="is_global">false</value>
        <array name="rec_fields" type="record" depth="1">
          <record javaclass="com.wm.util.Values">
            <value name="node_type">record</value>
            <value name="node_subtype">unknown</value>
            <value name="node_comment"></value>
            <record name="node_hints" javaclass="com.wm.util.Values">
              <value name="field_largerEditor">false</value>
              <value name="field_password">false</value>
            </record>
            <value name="is_public">false</value>
            <value name="field_name">B1</value>
            <value name="field_type">record</value>
            <value name="field_dim">0</value>
            <value name="wrapper_type">IData</value>
            <value name="nillable">true</value>
            <value name="form_qualified">false</value>
            <value name="is_global">false</value>
            <array name="rec_fields" type="record" depth="1">
              <record javaclass="com.wm.util.Values">
                <value name="node_type">record</value>
                <value name="node_subtype">unknown</value>
                <value name="node_comment"></value>
                <record name="node_hints" javaclass="com.wm.util.Values">
                  <value name="field_usereditable">true</value>
                  <value name="field_largerEditor">false</value>
                  <value name="field_password">false</value>
                </record>
                <value name="is_public">false</value>
                <value name="field_name">Application Identifier</value>
                <value name="field_type">string</value>
                <value name="field_dim">0</value>
                <array name="field_options" type="value" depth="1">
                </array>
                <record name="field_content_type" javaclass="com.wm.util.Values">
                  <array name="enumeration" type="record" depth="1">
                    <record javaclass="com.wm.util.Values">
                      <value name="primitiveType">0</value>
                      <value name="lexRep">F</value>
                      <value name="isList">false</value>
                    </record>
                    <record javaclass="com.wm.util.Values">
                      <value name="primitiveType">0</value>
                      <value name="lexRep">A</value>
                      <value name="isList">false</value>
                    </record>
                    <record javaclass="com.wm.util.Values">
                      <value name="primitiveType">0</value>
                      <value name="lexRep">L</value>
                      <value name="isList">false</value>
                    </record>
                  </array>
                  <value name="contentType">1</value>
                  <value name="internalType">instance</value>
                  <value name="ct_class">com.wm.lang.schema.datatypev2.WmString</value>
                  <value name="name">string_customized</value>
                  <array name="parent-ancestors" type="record" depth="1">
                    <record javaclass="com.wm.util.Values">
                      <value name="xmlns">http://www.w3.org/2001/XMLSchema</value>
                      <value name="ncName">anySimpleType</value>
                    </record>
                    <record javaclass="com.wm.util.Values">
                      <value name="xmlns">http://www.w3.org/2001/XMLSchema</value>
                      <value name="ncName">anyType</value>
                    </record>
                  </array>
                  <record name="baseType" javaclass="com.wm.util.Values">
                    <record name="whiteSpace" javaclass="com.wm.util.Values">
                      <record name="FacetWSCValue" javaclass="com.wm.util.Values">
                        <value name="cDecimalValue">3</value>
                      </record>
                      <value name="facetFixed">false</value>
                    </record>
                    <value name="contentType">1</value>
                    <value name="internalType">instance</value>
                    <value name="ct_class">com.wm.lang.schema.datatypev2.WmString</value>
                    <value name="dataTypeVersion">dtVersion2</value>
                  </record>
                  <value name="dataTypeVersion">dtVersion2</value>
                </record>
                <value name="nillable">true</value>
                <value name="form_qualified">false</value>
                <value name="is_global">false</value>
              </record>
              <record javaclass="com.wm.util.Values">
                <value name="node_type">record</value>
                <value name="node_subtype">unknown</value>
                <value name="node_comment"></value>
                <record name="node_hints" javaclass="com.wm.util.Values">
                  <value name="field_usereditable">true</value>
                  <value name="field_largerEditor">false</value>
                  <value name="field_password">false</value>
                </record>
                <value name="is_public">false</value>
                <value name="field_name">Service Identifier</value>
                <value name="field_type">string</value>
                <value name="field_dim">0</value>
                <array name="field_options" type="value" depth="1">
                </array>
                <record name="field_content_type" javaclass="com.wm.util.Values">
                  <array name="enumeration" type="record" depth="1">
                    <record javaclass="com.wm.util.Values">
                      <value name="primitiveType">0</value>
                      <value name="lexRep">01</value>
                      <value name="isList">false</value>
                    </record>
                    <record javaclass="com.wm.util.Values">
                      <value name="primitiveType">0</value>
                      <value name="lexRep">21</value>
                      <value name="isList">false</value>
                    </record>
                  </array>
                  <value name="contentType">1</value>
                  <value name="internalType">instance</value>
                  <value name="ct_class">com.wm.lang.schema.datatypev2.WmString</value>
                  <value name="name">string_customized</value>
                  <array name="parent-ancestors" type="record" depth="1">
                    <record javaclass="com.wm.util.Values">
                      <value name="xmlns">http://www.w3.org/2001/XMLSchema</value>
                      <value name="ncName">anySimpleType</value>
                    </record>
                    <record javaclass="com.wm.util.Values">
                      <value name="xmlns">http://www.w3.org/2001/XMLSchema</value>
                      <value name="ncName">anyType</value>
                    </record>
                  </array>
                  <record name="baseType" javaclass="com.wm.util.Values">
                    <record name="whiteSpace" javaclass="com.wm.util.Values">
                      <record name="FacetWSCValue" javaclass="com.wm.util.Values">
                        <value name="cDecimalValue">3</value>
                      </record>
                      <value name="facetFixed">false</value>
                    </record>
                    <value name="contentType">1</value>
                    <value name="internalType">instance</value>
                    <value name="ct_class">com.wm.lang.schema.datatypev2.WmString</value>
                    <value name="dataTypeVersion">dtVersion2</value>
                  </record>
                  <value name="dataTypeVersion">dtVersion2</value>
                </record>
                <value name="nillable">true</value>
                <value name="form_qualified">false</value>
                <value name="is_global">false</value>
              </record>
              <record javaclass="com.wm.util.Values">
                <value name="node_type">record</value>
                <value name="node_subtype">unknown</value>
                <value name="node_comment"></value>
                <record name="node_hints" javaclass="com.wm.util.Values">
                  <value name="field_usereditable">true</value>
                  <value name="field_largerEditor">false</value>
                  <value name="field_password">false</value>
                </record>
                <value name="is_public">false</value>
                <value name="field_name">LT Identifier</value>
                <value name="field_type">string</value>
                <value name="field_dim">0</value>
                <array name="field_options" type="value" depth="1">
                </array>
                <value name="nillable">true</value>
                <value name="form_qualified">false</value>
                <value name="is_global">false</value>
              </record>
              <record javaclass="com.wm.util.Values">
                <value name="node_type">record</value>
                <value name="node_subtype">unknown</value>
                <value name="node_comment"></value>
                <record name="node_hints" javaclass="com.wm.util.Values">
                  <value name="field_usereditable">true</value>
                  <value name="field_largerEditor">false</value>
                  <value name="field_password">false</value>
                </record>
                <value name="is_public">false</value>
                <value name="field_name">Session Number</value>
                <value name="field_type">string</value>
                <value name="field_dim">0</value>
                <array name="field_options" type="value" depth="1">
                </array>
                <value name="nillable">true</value>
                <value name="form_qualified">false</value>
                <value name="is_global">false</value>
              </record>
              <record javaclass="com.wm.util.Values">
                <value name="node_type">record</value>
                <value name="node_subtype">unknown</value>
                <value name="node_comment"></value>
                <record name="node_hints" javaclass="com.wm.util.Values">
                  <value name="field_usereditable">true</value>
                  <value name="field_largerEditor">false</value>
                  <value name="field_password">false</value>
                </record>
                <value name="is_public">false</value>
                <value name="field_name">Sequence Number</value>
                <value name="field_type">string</value>
                <value name="field_dim">0</value>
                <array name="field_options" type="value" depth="1">
                </array>
                <value name="nillable">true</value>
                <value name="form_qualified">false</value>
                <value name="is_global">false</value>
              </record>
            </array>
            <value name="rec_closed">true</value>
            <value name="modifiable">true</value>
          </record>
          <record javaclass="com.wm.util.Values">
            <value name="node_type">record</value>
            <value name="node_subtype">unknown</value>
            <value name="node_comment"></value>
            <record name="node_hints" javaclass="com.wm.util.Values">
              <value name="field_largerEditor">false</value>
              <value name="field_password">false</value>
            </record>
            <value name="is_public">false</value>
            <value name="field_name">B2</value>
            <value name="field_type">record</value>
            <value name="field_dim">0</value>
            <value name="wrapper_type">IData</value>
            <value name="nillable">true</value>
            <value name="form_qualified">false</value>
            <value name="is_global">false</value>
            <array name="rec_fields" type="record" depth="1">
              <record javaclass="com.wm.util.Values">
                <value name="node_type">record</value>
                <value name="node_subtype">unknown</value>
                <value name="node_comment"></value>
                <record name="node_hints" javaclass="com.wm.util.Values">
                  <value name="field_usereditable">true</value>
                  <value name="field_largerEditor">false</value>
                  <value name="field_password">false</value>
                </record>
                <value name="is_public">false</value>
                <value name="field_name">Input/Output Identifier</value>
                <value name="field_type">string</value>
                <value name="field_dim">0</value>
                <array name="field_options" type="value" depth="1">
                </array>
                <record name="field_content_type" javaclass="com.wm.util.Values">
                  <array name="enumeration" type="record" depth="1">
                    <record javaclass="com.wm.util.Values">
                      <value name="primitiveType">0</value>
                      <value name="lexRep">I</value>
                      <value name="isList">false</value>
                    </record>
                  </array>
                  <value name="contentType">1</value>
                  <value name="internalType">instance</value>
                  <value name="ct_class">com.wm.lang.schema.datatypev2.WmString</value>
                  <value name="name">string_customized</value>
                  <array name="parent-ancestors" type="record" depth="1">
                    <record javaclass="com.wm.util.Values">
                      <value name="xmlns">http://www.w3.org/2001/XMLSchema</value>
                      <value name="ncName">anySimpleType</value>
                    </record>
                    <record javaclass="com.wm.util.Values">
                      <value name="xmlns">http://www.w3.org/2001/XMLSchema</value>
                      <value name="ncName">anyType</value>
                    </record>
                  </array>
                  <record name="baseType" javaclass="com.wm.util.Values">
                    <record name="whiteSpace" javaclass="com.wm.util.Values">
                      <record name="FacetWSCValue" javaclass="com.wm.util.Values">
                        <value name="cDecimalValue">3</value>
                      </record>
                      <value name="facetFixed">false</value>
                    </record>
                    <value name="contentType">1</value>
                    <value name="internalType">instance</value>
                    <value name="ct_class">com.wm.lang.schema.datatypev2.WmString</value>
                    <value name="dataTypeVersion">dtVersion2</value>
                  </record>
                  <value name="dataTypeVersion">dtVersion2</value>
                </record>
                <value name="nillable">true</value>
                <value name="form_qualified">false</value>
                <value name="is_global">false</value>
              </record>
              <record javaclass="com.wm.util.Values">
                <value name="node_type">record</value>
                <value name="node_subtype">unknown</value>
                <value name="node_comment"></value>
                <record name="node_hints" javaclass="com.wm.util.Values">
                  <value name="field_usereditable">true</value>
                  <value name="field_largerEditor">false</value>
                  <value name="field_password">false</value>
                </record>
                <value name="is_public">false</value>
                <value name="field_name">Message Type</value>
                <value name="field_type">string</value>
                <value name="field_dim">0</value>
                <array name="field_options" type="value" depth="1">
                </array>
                <value name="nillable">true</value>
                <value name="form_qualified">false</value>
                <value name="is_global">false</value>
              </record>
              <record javaclass="com.wm.util.Values">
                <value name="node_type">record</value>
                <value name="node_subtype">unknown</value>
                <value name="node_comment"></value>
                <record name="node_hints" javaclass="com.wm.util.Values">
                  <value name="field_usereditable">true</value>
                  <value name="field_largerEditor">false</value>
                  <value name="field_password">false</value>
                </record>
                <value name="is_public">false</value>
                <value name="field_name">Receiver's Address</value>
                <value name="field_type">string</value>
                <value name="field_dim">0</value>
                <array name="field_options" type="value" depth="1">
                </array>
                <value name="nillable">true</value>
                <value name="form_qualified">false</value>
                <value name="is_global">false</value>
              </record>
              <record javaclass="com.wm.util.Values">
                <value name="node_type">record</value>
                <value name="node_subtype">unknown</value>
                <value name="node_comment"></value>
                <record name="node_hints" javaclass="com.wm.util.Values">
                  <value name="field_usereditable">true</value>
                  <value name="field_largerEditor">false</value>
                  <value name="field_password">false</value>
                </record>
                <value name="is_public">false</value>
                <value name="field_name">Message Priority</value>
                <value name="field_type">string</value>
                <value name="field_dim">0</value>
                <array name="field_options" type="value" depth="1">
                </array>
                <record name="field_content_type" javaclass="com.wm.util.Values">
                  <array name="enumeration" type="record" depth="1">
                    <record javaclass="com.wm.util.Values">
                      <value name="primitiveType">0</value>
                      <value name="lexRep">S</value>
                      <value name="isList">false</value>
                    </record>
                    <record javaclass="com.wm.util.Values">
                      <value name="primitiveType">0</value>
                      <value name="lexRep">U</value>
                      <value name="isList">false</value>
                    </record>
                    <record javaclass="com.wm.util.Values">
                      <value name="primitiveType">0</value>
                      <value name="lexRep">N</value>
                      <value name="isList">false</value>
                    </record>
                  </array>
                  <value name="contentType">1</value>
                  <value name="internalType">instance</value>
                  <value name="ct_class">com.wm.lang.schema.datatypev2.WmString</value>
                  <value name="name">string_customized</value>
                  <array name="parent-ancestors" type="record" depth="1">
                    <record javaclass="com.wm.util.Values">
                      <value name="xmlns">http://www.w3.org/2001/XMLSchema</value>
                      <value name="ncName">anySimpleType</value>
                    </record>
                    <record javaclass="com.wm.util.Values">
                      <value name="xmlns">http://www.w3.org/2001/XMLSchema</value>
                      <value name="ncName">anyType</value>
                    </record>
                  </array>
                  <record name="baseType" javaclass="com.wm.util.Values">
                    <record name="whiteSpace" javaclass="com.wm.util.Values">
                      <record name="FacetWSCValue" javaclass="com.wm.util.Values">
                        <value name="cDecimalValue">3</value>
                      </record>
                      <value name="facetFixed">false</value>
                    </record>
                    <value name="contentType">1</value>
                    <value name="internalType">instance</value>
                    <value name="ct_class">com.wm.lang.schema.datatypev2.WmString</value>
                    <value name="dataTypeVersion">dtVersion2</value>
                  </record>
                  <value name="dataTypeVersion">dtVersion2</value>
                </record>
                <value name="nillable">true</value>
                <value name="form_qualified">false</value>
                <value name="is_global">false</value>
              </record>
              <record javaclass="com.wm.util.Values">
                <value name="node_type">record</value>
                <value name="node_subtype">unknown</value>
                <value name="node_comment"></value>
                <record name="node_hints" javaclass="com.wm.util.Values">
                  <value name="field_usereditable">false</value>
                  <value name="field_largerEditor">false</value>
                  <value name="field_password">false</value>
                </record>
                <value name="is_public">false</value>
                <value name="field_name">Delivery Monitoring</value>
                <value name="field_type">string</value>
                <value name="field_dim">0</value>
                <value name="field_opt">true</value>
                <array name="field_options" type="value" depth="1">
                </array>
                <record name="field_content_type" javaclass="com.wm.util.Values">
                  <array name="enumeration" type="record" depth="1">
                    <record javaclass="com.wm.util.Values">
                      <value name="primitiveType">0</value>
                      <value name="lexRep">1</value>
                      <value name="isList">false</value>
                    </record>
                    <record javaclass="com.wm.util.Values">
                      <value name="primitiveType">0</value>
                      <value name="lexRep">2</value>
                      <value name="isList">false</value>
                    </record>
                    <record javaclass="com.wm.util.Values">
                      <value name="primitiveType">0</value>
                      <value name="lexRep">3</value>
                      <value name="isList">false</value>
                    </record>
                  </array>
                  <value name="contentType">1</value>
                  <value name="internalType">instance</value>
                  <value name="ct_class">com.wm.lang.schema.datatypev2.WmString</value>
                  <value name="name">string_customized</value>
                  <array name="parent-ancestors" type="record" depth="1">
                    <record javaclass="com.wm.util.Values">
                      <value name="xmlns">http://www.w3.org/2001/XMLSchema</value>
                      <value name="ncName">anySimpleType</value>
                    </record>
                    <record javaclass="com.wm.util.Values">
                      <value name="xmlns">http://www.w3.org/2001/XMLSchema</value>
                      <value name="ncName">anyType</value>
                    </record>
                    <record javaclass="com.wm.util.Values">
                      <value name="xmlns">http://www.w3.org/2001/XMLSchema</value>
                      <value name="ncName">string</value>
                    </record>
                  </array>
                  <record name="baseType" javaclass="com.wm.util.Values">
                    <record name="whiteSpace" javaclass="com.wm.util.Values">
                      <record name="FacetWSCValue" javaclass="com.wm.util.Values">
                        <value name="cDecimalValue">3</value>
                      </record>
                      <value name="facetFixed">false</value>
                    </record>
                    <value name="contentType">1</value>
                    <value name="internalType">instance</value>
                    <value name="ct_class">com.wm.lang.schema.datatypev2.WmString</value>
                    <value name="dataTypeVersion">dtVersion2</value>
                  </record>
                  <value name="dataTypeVersion">dtVersion2</value>
                </record>
                <value name="nillable">true</value>
                <value name="form_qualified">false</value>
                <value name="is_global">false</value>
              </record>
              <record javaclass="com.wm.util.Values">
                <value name="node_type">record</value>
                <value name="node_subtype">unknown</value>
                <value name="node_comment"></value>
                <record name="node_hints" javaclass="com.wm.util.Values">
                  <value name="field_usereditable">true</value>
                  <value name="field_largerEditor">false</value>
                  <value name="field_password">false</value>
                </record>
                <value name="is_public">false</value>
                <value name="field_name">Obsolescence Period</value>
                <value name="field_type">string</value>
                <value name="field_dim">0</value>
                <value name="field_opt">true</value>
                <array name="field_options" type="value" depth="1">
                </array>
                <value name="nillable">true</value>
                <value name="form_qualified">false</value>
                <value name="is_global">false</value>
              </record>
            </array>
            <value name="rec_closed">true</value>
            <value name="modifiable">true</value>
          </record>
          <record javaclass="com.wm.util.Values">
            <value name="node_type">record</value>
            <value name="node_subtype">unknown</value>
            <value name="node_comment"></value>
            <record name="node_hints" javaclass="com.wm.util.Values">
              <value name="field_largerEditor">false</value>
              <value name="field_password">false</value>
            </record>
            <value name="is_public">false</value>
            <value name="field_name">B3</value>
            <value name="field_type">record</value>
            <value name="field_dim">0</value>
            <value name="wrapper_type">IData</value>
            <value name="nillable">true</value>
            <value name="form_qualified">false</value>
            <value name="is_global">false</value>
            <array name="rec_fields" type="record" depth="1">
            </array>
            <value name="rec_closed">true</value>
            <value name="modifiable">true</value>
          </record>
          <record javaclass="com.wm.util.Values">
            <value name="node_type">record</value>
            <value name="node_subtype">unknown</value>
            <value name="node_comment"></value>
            <record name="node_hints" javaclass="com.wm.util.Values">
              <value name="field_largerEditor">false</value>
              <value name="field_password">false</value>
            </record>
            <value name="is_public">false</value>
            <value name="field_name">B4</value>
            <value name="field_type">recref</value>
            <value name="field_dim">0</value>
            <value name="wrapper_type">IData</value>
            <value name="nillable">true</value>
            <value name="form_qualified">false</value>
            <value name="is_global">false</value>
            <value name="rec_closed">true</value>
            <value name="modifiable">true</value>
            <value name="rec_ref">wm.fin.doc.nov20.cat1:MT103</value>
          </record>
          <record javaclass="com.wm.util.Values">
            <value name="node_type">record</value>
            <value name="node_subtype">unknown</value>
            <value name="node_comment"></value>
            <record name="node_hints" javaclass="com.wm.util.Values">
              <value name="field_largerEditor">false</value>
              <value name="field_password">false</value>
            </record>
            <value name="is_public">false</value>
            <value name="field_name">B5</value>
            <value name="field_type">record</value>
            <value name="field_dim">0</value>
            <value name="wrapper_type">IData</value>
            <value name="nillable">true</value>
            <value name="form_qualified">false</value>
            <value name="is_global">false</value>
            <array name="rec_fields" type="record" depth="1">
            </array>
            <value name="rec_closed">true</value>
            <value name="modifiable">true</value>
          </record>
        </array>
        <value name="modifiable">true</value>
      </record>
    </array>
    <value name="modifiable">true</value>
  </record>
</Values>
</MAPSOURCE>

  <!-- nodes -->

<MAPCOPY FROM="/finIData;2;0/B4;4;0;wm.fin.doc.nov20.cat1:MT103/20:_Reference - Sender&#39;s Reference Number;2;0/16x;1;0" TO="/mxIData;2;0/AppHdr;4;0;SwiftConverter.docs.mx.head_001_001_04:AppHdr/BizMsgIdr;1;0">
</MAPCOPY>

<MAPCOPY FROM="/finIData;2;0/B4;4;0;wm.fin.doc.nov20.cat1:MT103/20:_Reference - Sender&#39;s Reference Number;2;0/16x;1;0" TO="/mxIData;2;0/Document;4;0;SwiftConverter.docs.mx.pacs_008_001_12:docTypeRef_ns_Document/FIToFICstmrCdtTrf;4;0;SwiftConverter.docs.mx.pacs_008_001_12:docTypeRef_ns_FIToFICustomerCreditTransferV12/GrpHdr;4;0;SwiftConverter.docs.mx.pacs_008_001_12:docTypeRef_ns_GroupHeader113/MsgId;1;0">
</MAPCOPY>

<MAPCOPY FROM="/finIData;2;0/B4;4;0;wm.fin.doc.nov20.cat1:MT103/20:_Reference - Sender&#39;s Reference Number;2;0/16x;1;0" TO="/mxIData;2;0/Document;4;0;SwiftConverter.docs.mx.pacs_008_001_12:docTypeRef_ns_Document/FIToFICstmrCdtTrf;4;0;SwiftConverter.docs.mx.pacs_008_001_12:docTypeRef_ns_FIToFICustomerCreditTransferV12/CdtTrfTxInf[0];4;1;SwiftConverter.docs.mx.pacs_008_001_12:docTypeRef_ns_CreditTransferTransaction64/PmtId;4;0;SwiftConverter.docs.mx.pacs_008_001_12:docTypeRef_ns_PaymentIdentification13/InstrId;1;0">
</MAPCOPY>

<MAPSET NAME="Setter" OVERWRITE="true" VARIABLES="false" GLOBALVARIABLES="false" FIELD="/mxIData;2;0/AppHdr;4;0;SwiftConverter.docs.mx.head_001_001_04:AppHdr/MsgDefIdr;1;0">
  <DATA ENCODING="XMLValues" I18N="true">

<Values version="2.0">
  <value name="xml">pacs.008.001.12</value>
  <record name="type" javaclass="com.wm.util.Values">
    <value name="node_type">unknown</value>
    <value name="node_subtype">unknown</value>
    <value name="node_comment"></value>
    <record name="node_hints" javaclass="com.wm.util.Values">
      <value name="field_usereditable">true</value>
      <value name="field_largerEditor">false</value>
      <value name="field_password">false</value>
    </record>
    <value name="is_public">false</value>
    <value name="field_name">MsgDefIdr</value>
    <value name="field_type">string</value>
    <value name="field_dim">0</value>
    <array name="field_options" type="value" depth="1">
    </array>
    <value name="nillable">true</value>
    <value name="form_qualified">false</value>
    <value name="is_global">false</value>
  </record>
</Values>
</DATA>
</MAPSET>

<MAPSET NAME="Setter" OVERWRITE="true" VARIABLES="false" GLOBALVARIABLES="false" FIELD="/mxIData;2;0/AppHdr;4;0;SwiftConverter.docs.mx.head_001_001_04:AppHdr/BizSvc;1;0">
  <DATA ENCODING="XMLValues" I18N="true">

<Values version="2.0">
  <value name="xml">pacs.008.001.12</value>
  <record name="type" javaclass="com.wm.util.Values">
    <value name="node_type">unknown</value>
    <value name="node_subtype">unknown</value>
    <value name="node_comment"></value>
    <record name="node_hints" javaclass="com.wm.util.Values">
      <value name="field_usereditable">true</value>
      <value name="field_largerEditor">false</value>
      <value name="field_password">false</value>
    </record>
    <value name="is_public">false</value>
    <value name="field_name">BizSvc</value>
    <value name="field_type">string</value>
    <value name="field_dim">0</value>
    <array name="field_options" type="value" depth="1">
    </array>
    <value name="nillable">true</value>
    <value name="form_qualified">false</value>
    <value name="is_global">false</value>
  </record>
</Values>
</DATA>
</MAPSET>

<MAPINVOKE SERVICE="pub.date:getCurrentDateString" VALIDATE-IN="$none" VALIDATE-OUT="$none" INVOKE-ORDER="0">

  <!-- nodes -->

<MAP MODE="INVOKEINPUT">

  <!-- nodes -->

<MAPSET NAME="Setter" OVERWRITE="true" VARIABLES="false" GLOBALVARIABLES="false" FIELD="/pattern;1;0">
  <DATA ENCODING="XMLValues" I18N="true">

<Values version="2.0">
  <value name="xml">yyyy-MM-dd'T'HH:mm:ss'+00:00'</value>
  <record name="type" javaclass="com.wm.util.Values">
    <value name="node_type">field</value>
    <value name="node_subtype">unknown</value>
    <value name="is_public">false</value>
    <value name="field_name">pattern</value>
    <value name="field_type">string</value>
    <value name="field_dim">0</value>
    <value name="nillable">true</value>
    <value name="form_qualified">false</value>
    <value name="is_global">false</value>
  </record>
</Values>
</DATA>
</MAPSET>
</MAP>

<MAP MODE="INVOKEOUTPUT">

  <!-- nodes -->

<MAPCOPY FROM="/value;1;0" TO="/mxIData;2;0/AppHdr;4;0;SwiftConverter.docs.mx.head_001_001_04:AppHdr/CreDt;1;0">
</MAPCOPY>
</MAP>
</MAPINVOKE>

<MAPINVOKE SERVICE="pub.string:substring" VALIDATE-IN="$none" VALIDATE-OUT="$none" INVOKE-ORDER="0">

  <!-- nodes -->

<MAP MODE="INVOKEINPUT">

  <!-- nodes -->

<MAPCOPY FROM="/finIData;2;0/B1;2;0/LT Identifier;1;0" TO="/inString;1;0">
</MAPCOPY>

<MAPSET NAME="Setter" OVERWRITE="true" VARIABLES="false" GLOBALVARIABLES="false" FIELD="/beginIndex;1;0">
  <DATA ENCODING="XMLValues" I18N="true">

<Values version="2.0">
  <value name="xml">0</value>
  <record name="type" javaclass="com.wm.util.Values">
    <value name="node_type">field</value>
    <value name="node_subtype">unknown</value>
    <value name="is_public">false</value>
    <value name="field_name">beginIndex</value>
    <value name="field_type">string</value>
    <value name="field_dim">0</value>
    <value name="nillable">true</value>
    <value name="form_qualified">false</value>
    <value name="is_global">false</value>
  </record>
</Values>
</DATA>
</MAPSET>

<MAPSET NAME="Setter" OVERWRITE="true" VARIABLES="false" GLOBALVARIABLES="false" FIELD="/endIndex;1;0">
  <DATA ENCODING="XMLValues" I18N="true">

<Values version="2.0">
  <value name="xml">11</value>
  <record name="type" javaclass="com.wm.util.Values">
    <value name="node_type">field</value>
    <value name="node_subtype">unknown</value>
    <value name="is_public">false</value>
    <value name="field_name">endIndex</value>
    <value name="field_type">string</value>
    <value name="field_dim">0</value>
    <value name="nillable">true</value>
    <value name="form_qualified">false</value>
    <value name="is_global">false</value>
  </record>
</Values>
</DATA>
</MAPSET>
</MAP>

<MAP MODE="INVOKEOUTPUT">

  <!-- nodes -->

<MAPCOPY FROM="/value;1;0" TO="/mxIData;2;0/AppHdr;4;0;SwiftConverter.docs.mx.head_001_001_04:AppHdr/Fr;2;0/FIId;2;0/FinInstnId;2;0/BICFI;1;0">
</MAPCOPY>
</MAP>
</MAPINVOKE>

<MAPINVOKE SERVICE="pub.string:substring" VALIDATE-IN="$none" VALIDATE-OUT="$none" INVOKE-ORDER="0">

  <!-- nodes -->

<MAP MODE="INVOKEINPUT">

  <!-- nodes -->

<MAPCOPY FROM="/finIData;2;0/B2;2;0/Receiver&#39;s Address;1;0" TO="/inString;1;0">
</MAPCOPY>

<MAPSET NAME="Setter" OVERWRITE="true" VARIABLES="false" GLOBALVARIABLES="false" FIELD="/beginIndex;1;0">
  <DATA ENCODING="XMLValues" I18N="true">

<Values version="2.0">
  <value name="xml">0</value>
  <record name="type" javaclass="com.wm.util.Values">
    <value name="node_type">field</value>
    <value name="node_subtype">unknown</value>
    <value name="is_public">false</value>
    <value name="field_name">beginIndex</value>
    <value name="field_type">string</value>
    <value name="field_dim">0</value>
    <value name="nillable">true</value>
    <value name="form_qualified">false</value>
    <value name="is_global">false</value>
  </record>
</Values>
</DATA>
</MAPSET>

<MAPSET NAME="Setter" OVERWRITE="true" VARIABLES="false" GLOBALVARIABLES="false" FIELD="/endIndex;1;0">
  <DATA ENCODING="XMLValues" I18N="true">

<Values version="2.0">
  <value name="xml">11</value>
  <record name="type" javaclass="com.wm.util.Values">
    <value name="node_type">field</value>
    <value name="node_subtype">unknown</value>
    <value name="is_public">false</value>
    <value name="field_name">endIndex</value>
    <value name="field_type">string</value>
    <value name="field_dim">0</value>
    <value name="nillable">true</value>
    <value name="form_qualified">false</value>
    <value name="is_global">false</value>
  </record>
</Values>
</DATA>
</MAPSET>
</MAP>

<MAP MODE="INVOKEOUTPUT">

  <!-- nodes -->

<MAPCOPY FROM="/value;1;0" TO="/mxIData;2;0/AppHdr;4;0;SwiftConverter.docs.mx.head_001_001_04:AppHdr/To;2;0/FIId;2;0/FinInstnId;2;0/BICFI;1;0">
</MAPCOPY>
</MAP>
</MAPINVOKE>
</MAP>
</FLOW>
